<keymap version="1" name="IntelliJ 副本" parent="$default">
  <action id="Arrangement.Alias.Rule.Match.Condition.Move.Down" />
  <action id="Arrangement.Rule.Group.Condition.Move.Down" />
  <action id="Arrangement.Rule.Group.Condition.Move.Up" />
  <action id="Arrangement.Rule.Match.Condition.Move.Down" />
  <action id="Arrangement.Rule.Match.Condition.Move.Up" />
  <action id="ChangesView.ToggleCommitUi" />
  <action id="CheckinProject" />
  <action id="CollapseBlock">
    <keyboard-shortcut first-keystroke="alt q" />
  </action>
  <action id="EditorContextInfo" />
  <action id="EditorScrollToCenter" />
  <action id="FindNext">
    <keyboard-shortcut first-keystroke="f3" />
  </action>
  <action id="FindUsages">
    <keyboard-shortcut first-keystroke="alt f7" />
    <keyboard-shortcut first-keystroke="alt e" />
  </action>
  <action id="Git.Commit.Stage" />
  <action id="MethodDown" />
  <action id="MethodUp" />
  <action id="MoveLineDown">
    <keyboard-shortcut first-keystroke="shift alt down" />
    <keyboard-shortcut first-keystroke="alt down" />
  </action>
  <action id="MoveLineUp">
    <keyboard-shortcut first-keystroke="shift alt up" />
    <keyboard-shortcut first-keystroke="alt up" />
  </action>
  <action id="ReformatCode">
    <keyboard-shortcut first-keystroke="ctrl alt l" />
    <keyboard-shortcut first-keystroke="ctrl l" second-keystroke="ctrl l" />
    <keyboard-shortcut first-keystroke="ctrl k" second-keystroke="ctrl c" />
  </action>
  <action id="RenameElement">
    <keyboard-shortcut first-keystroke="shift f6" />
    <keyboard-shortcut first-keystroke="ctrl r" second-keystroke="ctrl r" />
  </action>
  <action id="Replace" />
  <action id="Resume" />
  <action id="RiderCollapseToDefinitions">
    <keyboard-shortcut first-keystroke="ctrl m" second-keystroke="ctrl o" />
  </action>
  <action id="RiderCoveringTestsPopupCoverAllTestsAction" />
  <action id="RiderCoveringTestsPopupRunAllTestsAction" />
  <action id="RiderUnitTestRunContextTwAction">
    <keyboard-shortcut first-keystroke="shift enter" />
  </action>
  <action id="RiderUnitTestRunSolutionTwAction" />
  <action id="SearchEverywhere">
    <keyboard-shortcut first-keystroke="ctrl comma" />
  </action>
  <action id="ShowContent" />
  <action id="ShowSearchHistory" />
  <action id="StepInto">
    <keyboard-shortcut first-keystroke="f7" />
    <keyboard-shortcut first-keystroke="f11" />
  </action>
  <action id="StepOver">
    <keyboard-shortcut first-keystroke="f10" />
  </action>
  <action id="SurroundWithLiveTemplate">
    <keyboard-shortcut first-keystroke="ctrl alt j" />
    <keyboard-shortcut first-keystroke="ctrl k" second-keystroke="ctrl s" />
  </action>
  <action id="SwitchHeaderSource" />
  <action id="Terminal.ClearBuffer" />
  <action id="ToggleBookmark" />
  <action id="ToggleLineBreakpoint">
    <keyboard-shortcut first-keystroke="f9" />
  </action>
  <action id="TurnOffF10WinShortcut" />
  <action id="UsageFiltering.ReadAccess" />
  <action id="UsageView.ShowRecentFindUsages" />
  <action id="Vcs.Log.FocusTextFilter" />
  <action id="Vcs.ShowMessageHistory" />
</keymap>